date_id,produit_id,client_id,magasin_id,quantite,montant
2023-12-12,12,549,MG12,7,2317.0
2023-11-08,54,808,MG07,10,2830.0
2023-11-01,70,742,MG06,14,6006.0
2022-01-04,17,37,MG09,9,675.0
2023-05-19,59,949,MG04,15,4575.0
2022-02-04,28,789,MG02,1,225.0
2023-02-06,32,289,MG15,3,1476.0
2024-01-31,51,120,MG18,6,1098.0
2023-02-18,85,904,MG20,10,1310.0
2023-07-13,85,324,MG05,13,1703.0
2023-04-12,65,578,MG03,9,1503.0
2023-01-21,74,872,MG20,8,1328.0
2023-07-12,45,293,MG03,20,3840.0
2022-08-25,21,300,MG08,4,856.0
2023-09-10,88,829,MG05,9,2709.0
2023-05-14,40,467,MG08,2,640.0
2022-08-08,11,120,MG02,20,9500.0
2023-02-07,22,191,MG15,20,3240.0
2022-06-13,41,390,MG19,6,1158.0
2022-04-01,85,858,MG10,8,1048.0
2023-11-06,62,858,MG08,14,2618.0
2022-02-15,47,837,MG10,5,1590.0
2022-04-19,12,15,MG15,17,5627.0
2024-05-11,73,836,MG14,12,6000.0
2022-04-03,94,621,MG14,1,264.0
2022-10-30,65,838,MG06,14,2338.0
2022-03-17,2,293,MG14,10,1180.0
2023-04-13,28,863,MG17,15,3375.0
2024-06-16,77,352,MG12,11,4774.0
2023-05-17,67,432,MG12,15,4335.0
2024-06-06,92,946,MG19,11,3828.0
2024-03-22,31,654,MG18,16,6096.0
2023-07-11,21,357,MG12,14,2996.0
2023-10-02,95,270,MG20,6,312.0
2022-08-05,66,142,MG12,5,995.0
2023-08-26,99,97,MG01,12,3132.0
2022-10-16,52,326,MG01,14,5264.0
2023-10-27,71,358,MG11,12,3516.0
2023-12-03,79,758,MG18,9,747.0
2024-02-26,69,659,MG08,11,4763.0
2022-07-31,94,244,MG16,8,2112.0
2022-04-26,49,181,MG06,1,105.0
2023-12-15,78,757,MG06,11,4928.0
2023-12-01,44,11,MG10,7,3101.0
2022-04-17,85,623,MG12,8,1048.0
2024-04-03,19,64,MG09,8,2368.0
2022-06-14,18,763,MG17,3,495.0
2023-10-25,87,685,MG13,16,6976.0
2023-12-18,94,401,MG16,8,2112.0
2022-03-13,86,419,MG02,6,2706.0
2022-11-14,15,564,MG05,2,486.0
2022-07-28,71,28,MG13,6,1758.0
2023-02-11,40,783,MG02,5,1600.0
2023-10-13,37,577,MG11,9,1764.0
2023-03-21,85,400,MG11,14,1834.0
2024-05-04,74,493,MG10,15,2490.0
2023-01-05,96,508,MG17,18,6246.0
2023-09-01,57,630,MG02,9,792.0
2023-04-20,3,797,MG04,14,6230.0
2024-06-15,55,263,MG06,11,1573.0
2023-11-02,5,241,MG16,17,3060.0
2023-11-20,40,18,MG12,15,4800.0
2023-10-22,80,404,MG16,16,160.0
2022-01-04,24,514,MG20,18,6822.0
2022-02-13,41,559,MG16,19,3667.0
2023-02-08,65,100,MG17,3,501.0
2024-04-28,1,285,MG07,2,426.0
2022-09-20,53,515,MG17,15,6960.0
2022-09-28,34,816,MG15,12,5904.0
2023-03-03,1,513,MG18,15,3195.0
2022-10-12,54,147,MG03,14,3962.0
2022-07-31,76,63,MG18,6,2352.0
2022-01-08,54,360,MG14,3,849.0
2023-07-02,6,175,MG14,14,462.0
2023-03-22,94,548,MG08,1,264.0
2022-04-19,52,669,MG14,10,3760.0
2022-07-04,53,407,MG10,2,928.0
2022-04-26,26,308,MG07,16,7520.0
2022-10-29,46,838,MG18,6,2406.0
2023-01-11,72,490,MG02,2,614.0
2023-04-08,12,955,MG16,1,331.0
2022-05-07,18,612,MG13,20,3300.0
2023-10-27,85,872,MG05,4,524.0
2022-03-12,68,734,MG15,16,1632.0
2022-01-21,19,273,MG01,8,2368.0
2023-08-04,99,189,MG05,1,261.0
2022-02-09,2,443,MG03,3,354.0
2022-10-17,79,968,MG13,16,1328.0
2023-08-06,88,255,MG09,1,301.0
2023-05-19,65,451,MG08,12,2004.0
2023-11-15,23,286,MG02,13,1885.0
2022-08-25,96,592,MG04,14,4858.0
2024-03-14,62,660,MG04,9,1683.0
2024-03-04,17,560,MG07,13,975.0
2023-03-09,58,147,MG16,6,942.0
2024-03-20,30,520,MG07,20,2020.0
2023-03-20,15,674,MG17,16,3888.0
2024-02-03,6,62,MG17,6,198.0
2022-12-30,64,406,MG06,15,825.0
2024-03-26,77,104,MG19,2,868.0
2022-09-03,31,379,MG04,14,5334.0
2024-01-25,47,435,MG17,3,954.0
2023-06-16,86,679,MG01,12,5412.0
2022-04-05,79,114,MG19,11,913.0
2022-10-05,10,821,MG12,1,218.0
2023-12-07,67,786,MG05,20,5780.0
2024-03-19,11,668,MG11,2,950.0
2024-05-04,79,620,MG02,11,913.0
2022-08-16,34,285,MG07,16,7872.0
2023-01-18,66,704,MG04,13,2587.0
2024-03-02,79,116,MG08,1,83.0
2022-12-29,57,300,MG12,3,264.0
2022-08-12,12,347,MG07,2,662.0
2022-08-31,18,451,MG15,9,1485.0
2022-07-09,96,513,MG19,11,3817.0
2023-04-22,45,267,MG04,16,3072.0
2024-01-04,95,362,MG20,5,260.0
2022-01-09,24,60,MG09,11,4169.0
2023-04-04,33,868,MG12,20,3420.0
2023-02-07,33,922,MG05,12,2052.0
2023-06-03,61,215,MG18,12,4560.0
2023-06-20,22,798,MG01,19,3078.0
2023-08-30,13,974,MG02,16,1408.0
2022-09-01,68,343,MG12,1,102.0
2022-02-27,4,172,MG07,10,1300.0
2022-03-23,53,984,MG11,11,5104.0
2022-03-12,48,950,MG17,16,1472.0
2022-06-12,72,576,MG10,9,2763.0
2023-04-03,58,355,MG13,13,2041.0
2023-04-07,2,671,MG01,8,944.0
2023-07-13,23,687,MG05,15,2175.0
2024-02-17,30,90,MG11,15,1515.0
2023-07-01,85,107,MG07,8,1048.0
2022-11-10,32,117,MG04,1,492.0
2023-10-16,66,335,MG11,3,597.0
2023-12-20,12,301,MG04,16,5296.0
2022-05-13,6,683,MG19,8,264.0
2022-02-16,13,623,MG19,8,704.0
2023-08-12,26,152,MG17,20,9400.0
2024-01-08,87,422,MG04,16,6976.0
2023-04-03,90,595,MG13,20,7900.0
2023-08-15,32,177,MG16,15,7380.0
2022-02-28,53,902,MG15,18,8352.0
2023-01-09,66,783,MG18,1,199.0
2023-06-02,40,75,MG15,15,4800.0
2023-05-13,26,422,MG16,11,5170.0
2022-09-19,50,764,MG04,4,1304.0
2022-02-25,59,955,MG10,13,3965.0
2024-04-01,98,481,MG06,11,2013.0
2022-09-26,85,533,MG01,15,1965.0
2023-01-12,3,569,MG17,4,1780.0
2023-02-21,11,191,MG05,13,6175.0
2023-03-08,11,32,MG11,6,2850.0
2022-04-04,62,918,MG13,2,374.0
2024-03-07,30,903,MG20,11,1111.0
2024-05-31,43,261,MG16,8,3848.0
2023-07-08,6,249,MG19,19,627.0
2024-02-09,82,961,MG20,9,252.0
2023-02-18,93,170,MG13,16,6480.0
2023-08-04,13,96,MG04,13,1144.0
2023-12-14,10,729,MG17,19,4142.0
2023-04-22,56,914,MG19,2,988.0
2023-10-09,39,153,MG06,12,4380.0
2023-09-17,85,455,MG11,4,524.0
2022-04-16,5,521,MG16,20,3600.0
2023-05-19,10,506,MG14,5,1090.0
2023-08-24,7,922,MG15,12,2652.0
2022-09-14,60,193,MG05,20,1880.0
2022-11-30,37,875,MG07,18,3528.0
2024-06-08,58,135,MG18,11,1727.0
2022-09-04,16,573,MG01,18,7164.0
2024-01-17,85,542,MG08,9,1179.0
2022-01-22,63,549,MG03,8,2336.0
2022-11-19,78,504,MG10,8,3584.0
2023-01-03,78,598,MG15,18,8064.0
2023-09-21,45,817,MG08,2,384.0
2023-02-19,68,211,MG14,9,918.0
2022-10-08,54,570,MG02,4,1132.0
2022-03-09,99,556,MG05,1,261.0
2023-09-11,58,275,MG01,14,2198.0
2024-02-14,47,609,MG01,19,6042.0
2022-09-14,80,942,MG12,17,170.0
2022-10-30,10,289,MG01,16,3488.0
2023-05-18,23,827,MG15,14,2030.0
2022-07-17,62,799,MG16,14,2618.0
2022-04-23,88,174,MG19,3,903.0
2022-12-30,32,235,MG20,18,8856.0
2022-12-31,22,658,MG08,2,324.0
2023-05-18,90,466,MG10,2,790.0
2022-01-06,67,332,MG10,14,4046.0
2022-12-31,34,842,MG18,20,9840.0
2023-09-23,19,509,MG02,2,592.0
2022-06-22,6,432,MG10,17,561.0
2024-05-05,28,373,MG01,1,225.0
2023-10-16,18,256,MG08,1,165.0
2023-09-15,41,204,MG13,14,2702.0
2023-05-19,100,684,MG17,1,386.0
2022-05-24,93,385,MG10,17,6885.0
2022-06-19,72,830,MG18,11,3377.0
2022-01-22,60,724,MG07,17,1598.0
2022-07-07,50,312,MG13,7,2282.0
2023-03-21,6,84,MG12,18,594.0
2024-04-28,96,155,MG14,5,1735.0
2023-01-26,42,620,MG02,15,1260.0
2022-10-01,77,446,MG13,18,7812.0
2022-08-22,64,497,MG05,5,275.0
2022-06-30,77,610,MG13,20,8680.0
2024-02-08,73,673,MG20,15,7500.0
2022-01-26,77,840,MG19,13,5642.0
2023-09-25,6,677,MG16,18,594.0
2023-08-23,82,975,MG04,8,224.0
2024-03-14,9,509,MG12,6,2826.0
2024-06-13,36,719,MG12,15,930.0
2022-03-16,46,672,MG20,4,1604.0
2023-01-10,81,188,MG10,10,4490.0
2023-11-27,38,549,MG14,20,1040.0
2024-04-05,12,270,MG03,5,1655.0
2023-11-23,6,399,MG01,2,66.0
2023-06-24,53,737,MG04,9,4176.0
2023-09-24,20,99,MG10,15,975.0
2022-01-23,71,71,MG13,15,4395.0
2022-10-17,75,116,MG03,10,4020.0
2022-06-16,35,581,MG18,17,4182.0
2023-02-06,72,235,MG19,3,921.0
2022-04-01,96,444,MG05,7,2429.0
2023-07-16,34,577,MG17,17,8364.0
2022-10-28,32,527,MG05,6,2952.0
2023-06-24,46,232,MG13,5,2005.0
2023-03-11,39,72,MG04,8,2920.0
2022-10-02,98,412,MG04,15,2745.0
2023-11-19,63,204,MG02,9,2628.0
2022-05-07,15,842,MG15,12,2916.0
2023-06-30,13,49,MG05,1,88.0
2023-11-28,6,24,MG17,12,396.0
2024-04-26,1,33,MG05,4,852.0
2022-01-28,58,868,MG02,4,628.0
2022-05-29,26,25,MG08,10,4700.0
2023-05-05,52,164,MG14,2,752.0
2023-02-26,26,797,MG03,15,7050.0
2024-05-10,61,20,MG02,4,1520.0
2022-08-07,71,737,MG14,20,5860.0
2022-11-25,34,760,MG11,17,8364.0
2024-05-06,8,776,MG05,5,1280.0
2024-06-03,16,567,MG03,12,4776.0
2024-06-12,76,49,MG12,4,1568.0
2023-06-02,31,948,MG15,12,4572.0
2024-05-18,33,487,MG04,7,1197.0
2024-06-10,36,625,MG12,13,806.0
2022-09-23,8,535,MG20,3,768.0
2024-03-08,82,618,MG20,9,252.0
2022-02-13,29,520,MG17,18,8028.0
2022-06-24,30,960,MG02,13,1313.0
2022-04-10,88,40,MG04,8,2408.0
2023-07-19,8,926,MG11,16,4096.0
2022-01-21,51,753,MG16,6,1098.0
2024-06-01,53,787,MG15,1,464.0
2022-10-01,100,995,MG03,20,7720.0
2023-01-17,77,392,MG12,9,3906.0
2023-10-24,52,15,MG05,15,5640.0
2022-06-05,82,211,MG01,8,224.0
2023-09-10,96,469,MG13,20,6940.0
2023-04-20,57,850,MG06,19,1672.0
2023-05-04,56,913,MG11,7,3458.0
2024-05-16,78,973,MG17,2,896.0
2024-03-16,95,959,MG14,10,520.0
2023-05-24,43,516,MG09,13,6253.0
2023-05-14,93,865,MG08,6,2430.0
2024-05-24,80,252,MG04,7,70.0
2023-09-20,99,834,MG07,2,522.0
2023-12-29,83,679,MG08,20,5480.0
2022-10-25,49,122,MG13,20,2100.0
2022-08-27,7,965,MG10,11,2431.0
2022-05-07,18,222,MG07,7,1155.0
2023-08-11,58,640,MG12,7,1099.0
2022-07-18,85,187,MG05,5,655.0
2023-04-16,29,288,MG11,15,6690.0
2023-11-29,29,399,MG16,7,3122.0
2023-12-19,95,89,MG04,11,572.0
2023-01-26,68,138,MG19,3,306.0
2022-08-23,18,759,MG03,19,3135.0
2023-09-22,16,653,MG11,13,5174.0
2022-08-03,37,24,MG09,18,3528.0
2023-11-18,70,263,MG14,13,5577.0
2023-11-13,75,6,MG05,7,2814.0
2022-06-22,2,509,MG03,10,1180.0
2023-02-17,22,160,MG18,8,1296.0
2022-03-12,29,377,MG14,2,892.0
2024-03-15,80,402,MG17,14,140.0
2022-07-31,98,96,MG11,6,1098.0
2022-08-22,48,943,MG19,9,828.0
2022-02-10,69,722,MG03,3,1299.0
2022-01-17,59,332,MG08,5,1525.0
2022-11-15,17,895,MG13,5,375.0
2023-10-01,83,484,MG18,18,4932.0
2023-03-09,53,620,MG06,5,2320.0
2023-06-12,86,746,MG02,13,5863.0
2023-07-22,96,130,MG12,20,6940.0
2023-02-14,99,364,MG12,4,1044.0
2024-02-28,18,273,MG19,11,1815.0
2024-04-13,98,336,MG07,1,183.0
2024-05-02,59,482,MG03,6,1830.0
2023-08-19,75,789,MG11,17,6834.0
2022-10-14,46,769,MG10,20,8020.0
2023-07-10,30,654,MG15,3,303.0
2023-08-13,7,820,MG12,5,1105.0
2023-04-16,18,309,MG19,19,3135.0
2022-10-04,3,896,MG08,14,6230.0
2024-06-16,65,322,MG17,8,1336.0
2023-03-05,47,751,MG15,3,954.0
2023-02-24,67,948,MG15,1,289.0
2023-12-21,43,282,MG08,11,5291.0
2023-12-17,86,61,MG15,17,7667.0
2023-04-30,75,793,MG09,20,8040.0
2023-05-21,50,665,MG08,4,1304.0
2022-06-05,87,35,MG06,19,8284.0
2022-12-15,97,490,MG18,14,196.0
2022-12-16,86,901,MG18,11,4961.0
2022-03-28,61,539,MG05,18,6840.0
2023-06-05,99,494,MG04,18,4698.0
2024-04-27,16,285,MG01,3,1194.0
2022-11-07,5,496,MG14,13,2340.0
2023-02-09,29,515,MG18,15,6690.0
2024-02-20,4,79,MG09,7,910.0
2024-06-08,68,330,MG09,20,2040.0
2023-09-23,24,824,MG16,1,379.0
2022-12-25,42,931,MG04,19,1596.0
2023-03-24,78,526,MG13,19,8512.0
2022-02-07,13,110,MG17,16,1408.0
2023-06-10,97,3,MG16,7,98.0
2023-12-24,25,245,MG11,4,416.0
2022-01-11,72,171,MG03,17,5219.0
2022-09-09,95,683,MG15,5,260.0
2024-03-17,96,669,MG10,13,4511.0
2022-02-28,27,765,MG10,6,2982.0
2024-06-10,15,861,MG15,14,3402.0
2024-05-21,74,156,MG05,10,1660.0
2023-12-01,97,480,MG19,18,252.0
2023-01-18,85,136,MG20,6,786.0
2024-05-19,67,332,MG20,18,5202.0
2022-09-21,2,400,MG17,2,236.0
2022-05-03,90,643,MG08,6,2370.0
2022-12-10,22,332,MG05,5,810.0
2022-01-16,3,917,MG14,11,4895.0
2023-04-16,43,641,MG06,19,9139.0
2022-09-09,1,439,MG03,2,426.0
2023-04-18,36,463,MG20,7,434.0
2022-04-10,74,881,MG06,19,3154.0
2023-07-23,11,426,MG07,13,6175.0
2023-08-04,35,785,MG01,13,3198.0
2022-10-22,40,769,MG12,6,1920.0
2022-04-05,22,412,MG10,1,162.0
2023-04-07,20,162,MG14,13,845.0
2024-05-26,98,377,MG08,8,1464.0
2022-12-07,11,600,MG17,20,9500.0
2022-05-05,61,470,MG04,12,4560.0
2023-05-09,52,172,MG10,15,5640.0
2022-08-21,21,506,MG10,15,3210.0
2024-05-07,65,718,MG14,6,1002.0
2022-10-05,48,116,MG16,8,736.0
2022-12-06,66,607,MG11,11,2189.0
2022-11-25,97,540,MG11,9,126.0
2023-11-30,18,544,MG03,7,1155.0
2023-04-12,35,315,MG19,16,3936.0
2023-06-08,3,500,MG06,15,6675.0
2022-11-10,22,389,MG10,20,3240.0
2022-08-27,100,300,MG10,7,2702.0
2024-03-29,3,968,MG11,13,5785.0
2022-05-27,16,567,MG02,3,1194.0
2023-08-14,39,577,MG10,15,5475.0
2022-07-11,22,790,MG02,2,324.0
2023-03-13,60,623,MG14,4,376.0
2024-02-19,70,233,MG04,7,3003.0
2024-01-10,52,617,MG09,12,4512.0
2023-11-03,61,987,MG20,4,1520.0
2024-02-06,75,355,MG15,15,6030.0
2022-05-31,49,816,MG18,13,1365.0
2023-06-24,13,537,MG05,13,1144.0
2023-11-27,53,968,MG20,5,2320.0
2023-03-19,89,732,MG08,12,1896.0
2022-07-15,24,343,MG03,4,1516.0
2022-01-16,16,732,MG10,3,1194.0
2023-06-17,32,298,MG09,17,8364.0
2023-06-28,1,640,MG11,7,1491.0
2023-04-13,40,399,MG19,3,960.0
2023-09-26,10,992,MG16,19,4142.0
2023-12-29,53,805,MG16,13,6032.0
2022-08-23,37,531,MG11,5,980.0
2024-03-26,44,779,MG17,7,3101.0
2022-08-30,4,601,MG20,15,1950.0
2022-11-03,53,286,MG20,19,8816.0
2023-07-26,24,278,MG14,14,5306.0
2022-12-05,2,442,MG05,8,944.0
2023-12-22,71,658,MG05,9,2637.0
2024-02-28,56,995,MG01,5,2470.0
2022-12-29,64,65,MG04,10,550.0
2023-05-12,30,814,MG17,8,808.0
2023-06-23,88,361,MG04,5,1505.0
2022-03-11,67,747,MG11,5,1445.0
2023-03-25,88,789,MG12,20,6020.0
2024-06-09,41,521,MG18,5,965.0
2023-07-10,35,226,MG04,1,246.0
2023-10-18,17,403,MG02,15,1125.0
2024-03-08,6,371,MG03,10,330.0
2024-04-29,50,154,MG20,13,4238.0
2023-01-29,27,212,MG02,12,5964.0
2023-03-12,99,510,MG09,3,783.0
2024-04-17,55,894,MG08,7,1001.0
2023-01-31,4,210,MG08,14,1820.0
2022-08-01,88,336,MG16,6,1806.0
2022-04-23,78,681,MG17,16,7168.0
2024-02-27,35,791,MG15,15,3690.0
2023-01-05,50,530,MG07,4,1304.0
2023-09-21,27,274,MG08,15,7455.0
2023-06-28,23,420,MG18,10,1450.0
2023-11-06,46,171,MG01,11,4411.0
2024-03-08,13,765,MG03,13,1144.0
2024-06-14,60,775,MG17,7,658.0
2024-05-12,63,292,MG20,2,584.0
2023-02-03,73,152,MG06,8,4000.0
2024-06-06,89,666,MG02,16,2528.0
2024-05-23,94,311,MG14,8,2112.0
2023-10-11,14,234,MG20,8,600.0
2024-06-03,65,577,MG13,15,2505.0
2024-03-03,15,467,MG20,9,2187.0
2022-01-20,48,447,MG15,19,1748.0
2022-02-16,13,980,MG08,16,1408.0
2023-07-05,61,40,MG16,5,1900.0
2023-03-25,96,566,MG09,4,1388.0
2022-01-12,25,833,MG14,15,1560.0
2022-04-04,43,573,MG11,19,9139.0
2022-02-05,86,830,MG07,4,1804.0
2023-03-16,70,608,MG20,17,7293.0
2023-12-01,54,622,MG01,10,2830.0
2024-02-26,37,949,MG09,8,1568.0
2022-01-02,90,966,MG12,11,4345.0
2022-10-08,4,531,MG02,12,1560.0
2024-02-22,39,867,MG01,13,4745.0
2023-03-18,36,214,MG11,13,806.0
2023-02-21,49,960,MG15,20,2100.0
2024-05-31,43,466,MG03,13,6253.0
2023-12-05,91,399,MG07,15,4950.0
2022-10-06,74,120,MG08,16,2656.0
2023-04-15,17,124,MG01,4,300.0
2023-07-10,2,421,MG13,13,1534.0
2022-06-18,62,386,MG11,7,1309.0
2022-10-17,77,881,MG15,13,5642.0
2024-03-07,28,712,MG20,17,3825.0
2022-02-17,6,95,MG02,18,594.0
2022-07-20,7,766,MG14,3,663.0
2023-10-20,24,456,MG12,2,758.0
2022-08-27,37,703,MG09,11,2156.0
2023-09-22,36,817,MG02,8,496.0
2024-01-18,38,17,MG20,13,676.0
2023-05-06,72,637,MG18,17,5219.0
2023-04-19,47,242,MG19,5,1590.0
2022-08-25,26,311,MG19,2,940.0
2022-05-12,19,865,MG04,18,5328.0
2022-01-24,82,259,MG15,14,392.0
2023-05-21,93,630,MG04,6,2430.0
2022-12-06,85,140,MG09,11,1441.0
2022-04-03,21,926,MG02,10,2140.0
2022-12-17,39,833,MG18,17,6205.0
2024-02-20,71,514,MG11,10,2930.0
2022-03-30,20,775,MG17,12,780.0
2023-09-09,74,416,MG13,9,1494.0
2024-04-16,84,691,MG17,14,5978.0
2024-01-25,65,400,MG10,7,1169.0
2023-03-05,11,800,MG19,11,5225.0
2022-02-15,70,441,MG10,14,6006.0
2023-06-16,92,230,MG07,6,2088.0
2023-10-22,14,723,MG19,20,1500.0
2023-12-28,50,873,MG16,19,6194.0
2024-02-25,52,193,MG03,9,3384.0
2023-11-30,79,349,MG08,16,1328.0
2022-01-21,46,559,MG16,2,802.0
2023-12-16,50,304,MG17,8,2608.0
2024-02-07,48,291,MG13,18,1656.0
2024-03-09,4,349,MG17,5,650.0
2023-02-13,80,150,MG15,8,80.0
2023-12-23,40,987,MG08,18,5760.0
2023-12-29,77,447,MG11,15,6510.0
2024-04-22,58,47,MG18,3,471.0
2023-01-22,67,684,MG17,2,578.0
2023-03-12,5,822,MG20,8,1440.0
2023-01-13,81,90,MG15,18,8082.0
2023-03-14,86,165,MG09,15,6765.0
2023-04-20,4,720,MG05,8,1040.0
2022-07-11,28,536,MG11,16,3600.0
2023-11-01,37,682,MG07,14,2744.0
2023-10-01,29,295,MG09,18,8028.0
2022-11-26,53,951,MG15,18,8352.0
2023-11-22,69,798,MG04,7,3031.0
2023-09-16,21,630,MG16,11,2354.0
2023-05-01,5,172,MG15,6,1080.0
2024-01-03,90,165,MG04,20,7900.0
2024-01-02,76,49,MG02,4,1568.0
2022-09-16,57,46,MG01,17,1496.0
2024-04-17,90,266,MG03,1,395.0
2023-04-17,94,555,MG10,12,3168.0
2023-05-07,49,503,MG10,2,210.0
2024-05-01,11,688,MG07,11,5225.0
2023-08-22,3,677,MG19,10,4450.0
2022-09-20,90,78,MG03,7,2765.0
2023-01-13,32,39,MG15,7,3444.0
2023-01-28,28,928,MG20,16,3600.0
2024-02-04,90,402,MG11,19,7505.0
2022-01-21,6,737,MG13,1,33.0
2023-12-04,62,862,MG03,12,2244.0
2023-02-21,91,469,MG19,3,990.0
2022-07-13,2,608,MG07,7,826.0
2023-10-31,72,503,MG18,14,4298.0
2023-06-25,20,805,MG19,15,975.0
2023-01-26,2,755,MG07,6,708.0
2023-11-14,43,928,MG01,4,1924.0
2022-05-09,27,870,MG19,5,2485.0
2024-04-28,88,752,MG07,11,3311.0
2023-10-28,47,883,MG11,17,5406.0
2022-07-22,20,771,MG18,1,65.0
2022-03-21,8,849,MG09,1,256.0
2023-09-03,14,788,MG08,2,150.0
2023-04-15,45,119,MG19,5,960.0
2022-03-09,100,244,MG03,9,3474.0
2023-01-29,79,964,MG16,13,1079.0
2022-11-02,43,909,MG06,16,7696.0
2023-01-30,57,695,MG14,17,1496.0
2024-02-13,99,155,MG15,10,2610.0
2023-10-16,9,333,MG03,14,6594.0
2023-05-07,57,739,MG11,5,440.0
2022-09-05,9,295,MG05,8,3768.0
2023-11-21,61,86,MG06,7,2660.0
2024-01-16,97,305,MG05,20,280.0
2023-09-21,77,518,MG10,16,6944.0
2023-02-15,35,24,MG06,1,246.0
2022-01-23,7,185,MG09,2,442.0
2022-11-29,78,308,MG18,20,8960.0
2023-11-09,56,435,MG20,16,7904.0
2022-08-02,77,321,MG19,19,8246.0
2022-10-19,97,18,MG16,7,98.0
2022-11-28,48,937,MG04,20,1840.0
2024-01-14,90,584,MG08,14,5530.0
2022-11-10,35,150,MG19,20,4920.0
2022-10-29,37,168,MG19,12,2352.0
2022-01-19,93,331,MG08,19,7695.0
2022-12-30,99,668,MG11,9,2349.0
2022-03-08,13,279,MG20,13,1144.0
2022-02-05,18,486,MG10,17,2805.0
2022-12-30,38,133,MG10,2,104.0
2022-01-05,10,975,MG08,13,2834.0
2024-02-15,17,606,MG12,14,1050.0
2022-11-13,59,352,MG16,12,3660.0
2022-05-06,24,464,MG13,5,1895.0
2023-04-05,58,241,MG01,17,2669.0
2022-09-20,60,939,MG18,1,94.0
2023-12-20,74,938,MG13,11,1826.0
2023-08-26,36,186,MG17,13,806.0
2023-02-08,71,926,MG07,5,1465.0
2022-10-24,49,525,MG06,13,1365.0
2023-01-31,94,276,MG08,8,2112.0
2022-04-02,85,596,MG03,19,2489.0
2024-05-07,57,471,MG06,20,1760.0
2022-09-05,20,655,MG20,20,1300.0
2023-06-24,29,161,MG04,11,4906.0
2023-12-04,96,896,MG16,13,4511.0
2023-02-01,67,622,MG02,12,3468.0
2023-10-13,79,651,MG16,20,1660.0
2023-12-16,19,358,MG08,20,5920.0
2024-03-15,99,68,MG13,7,1827.0
2022-04-10,46,705,MG06,13,5213.0
2023-12-16,88,946,MG16,14,4214.0
2022-03-26,43,571,MG07,3,1443.0
2024-06-18,97,793,MG17,12,168.0
2022-03-08,44,79,MG18,17,7531.0
2022-05-13,49,177,MG14,3,315.0
2023-01-23,29,822,MG12,2,892.0
2022-05-08,75,301,MG05,8,3216.0
2023-03-16,100,332,MG07,3,1158.0
2023-07-27,1,707,MG05,3,639.0
2024-02-27,44,687,MG19,18,7974.0
2022-09-08,98,56,MG19,19,3477.0
2022-03-27,5,868,MG08,19,3420.0
2022-03-03,91,551,MG15,20,6600.0
2023-10-26,100,528,MG19,16,6176.0
2022-06-03,81,591,MG20,9,4041.0
2023-09-21,21,935,MG10,8,1712.0
2023-09-03,59,798,MG09,5,1525.0
2023-08-01,85,660,MG03,14,1834.0
2022-10-27,61,484,MG20,13,4940.0
2022-05-05,82,330,MG01,3,84.0
2022-01-31,8,255,MG16,3,768.0
2023-04-05,17,664,MG15,13,975.0
2022-03-29,80,402,MG17,4,40.0
2024-03-27,60,400,MG03,8,752.0
2022-07-11,65,165,MG18,19,3173.0
2022-11-08,43,173,MG17,10,4810.0
2023-01-13,48,750,MG01,9,828.0
2022-07-19,75,391,MG20,19,7638.0
2023-03-14,63,276,MG06,19,5548.0
2024-02-26,39,909,MG11,5,1825.0
2022-11-15,14,592,MG05,17,1275.0
2022-03-20,68,646,MG05,2,204.0
2022-08-21,69,436,MG10,16,6928.0
2022-06-29,49,167,MG10,1,105.0
2022-10-12,56,55,MG19,17,8398.0
2023-04-04,90,655,MG05,17,6715.0
2023-02-07,10,84,MG05,20,4360.0
2024-01-11,22,624,MG14,19,3078.0
2024-03-05,68,818,MG02,17,1734.0
2023-07-13,40,713,MG15,3,960.0
2023-02-28,38,977,MG19,5,260.0
2022-08-05,18,270,MG11,20,3300.0
2023-07-31,15,338,MG16,8,1944.0
2022-08-27,82,633,MG17,12,336.0
2022-10-08,35,921,MG02,6,1476.0
2023-05-17,20,983,MG20,10,650.0
2024-02-23,39,147,MG05,6,2190.0
2022-03-17,98,332,MG14,10,1830.0
2022-10-23,74,709,MG19,3,498.0
2023-04-07,86,274,MG12,11,4961.0
2023-04-18,59,826,MG01,11,3355.0
2023-04-17,21,661,MG17,20,4280.0
2022-08-23,72,721,MG05,12,3684.0
2024-02-06,1,610,MG18,9,1917.0
2023-01-29,15,197,MG11,6,1458.0
2023-09-04,55,294,MG14,12,1716.0
2023-07-06,30,721,MG08,16,1616.0
2023-05-10,18,536,MG19,20,3300.0
2023-10-30,91,423,MG03,1,330.0
2023-11-27,78,954,MG13,2,896.0
2023-03-15,94,759,MG17,10,2640.0
2023-11-29,39,121,MG08,3,1095.0
2022-05-01,36,136,MG08,8,496.0
2024-05-11,42,501,MG15,15,1260.0
2022-07-13,44,711,MG04,3,1329.0
2022-02-10,21,873,MG20,10,2140.0
2023-03-07,27,455,MG11,3,1491.0
2023-01-08,40,313,MG09,12,3840.0
2022-01-18,70,293,MG20,20,8580.0
2023-02-07,7,76,MG07,7,1547.0
2023-02-17,89,993,MG14,20,3160.0
2023-12-27,88,330,MG19,3,903.0
2022-05-28,12,180,MG04,19,6289.0
2024-01-16,66,93,MG20,14,2786.0
2023-07-11,30,890,MG02,3,303.0
2022-10-30,41,145,MG10,10,1930.0
2022-11-07,11,385,MG11,18,8550.0
2023-05-11,60,599,MG02,11,1034.0
2023-09-19,74,299,MG05,17,2822.0
2023-02-24,59,692,MG11,16,4880.0
2023-12-23,47,570,MG18,15,4770.0
2024-05-13,36,207,MG02,12,744.0
2022-07-12,80,505,MG13,17,170.0
2024-04-29,6,333,MG10,8,264.0
2023-09-11,96,916,MG01,10,3470.0
2022-12-27,100,140,MG17,3,1158.0
2023-07-31,27,887,MG17,5,2485.0
2023-11-12,34,380,MG06,14,6888.0
2022-10-22,7,280,MG06,17,3757.0
2023-01-15,49,316,MG14,12,1260.0
2024-03-16,74,625,MG03,4,664.0
2024-02-05,12,878,MG01,11,3641.0
2024-04-21,97,947,MG01,15,210.0
2023-04-08,100,433,MG18,13,5018.0
2022-04-05,74,775,MG05,14,2324.0
2023-11-25,63,773,MG02,18,5256.0
2023-04-05,78,713,MG06,1,448.0
2023-07-07,50,600,MG20,7,2282.0
2023-08-03,74,61,MG02,10,1660.0
2022-03-21,56,743,MG09,4,1976.0
2022-04-19,93,357,MG03,7,2835.0
2022-04-28,2,618,MG03,11,1298.0
2022-07-09,51,3,MG08,16,2928.0
2024-04-29,63,533,MG09,16,4672.0
2022-06-10,60,81,MG18,11,1034.0
2023-07-24,76,485,MG01,4,1568.0
2022-11-17,44,317,MG14,3,1329.0
2023-06-19,11,108,MG15,19,9025.0
2022-08-19,71,257,MG07,11,3223.0
2023-08-12,34,101,MG17,20,9840.0
2022-06-22,40,212,MG16,8,2560.0
2024-04-03,21,200,MG09,20,4280.0
2022-10-12,27,262,MG05,10,4970.0
2022-06-12,31,719,MG07,16,6096.0
2022-05-25,96,554,MG07,9,3123.0
2024-04-05,97,890,MG10,8,112.0
2023-09-02,42,961,MG06,6,504.0
2023-01-15,67,191,MG08,11,3179.0
2023-10-15,61,237,MG07,4,1520.0
2024-03-09,46,971,MG12,5,2005.0
2023-10-01,36,733,MG06,12,744.0
2023-03-13,56,390,MG06,7,3458.0
2022-12-22,19,672,MG05,13,3848.0
2022-10-13,3,356,MG05,1,445.0
2022-08-31,34,374,MG03,10,4920.0
2022-04-17,89,425,MG07,3,474.0
2022-08-06,37,12,MG02,4,784.0
2022-04-12,17,11,MG09,12,900.0
2023-12-11,79,177,MG17,13,1079.0
2022-09-09,4,46,MG19,4,520.0
2022-10-20,77,531,MG09,16,6944.0
2023-12-09,25,489,MG06,9,936.0
2023-07-05,5,307,MG14,10,1800.0
2023-07-05,29,279,MG04,8,3568.0
2022-01-05,24,482,MG19,20,7580.0
2022-11-06,43,774,MG01,8,3848.0
2023-01-13,61,790,MG08,12,4560.0
2023-04-18,96,224,MG18,17,5899.0
2022-11-01,1,814,MG20,19,4047.0
2023-09-01,44,475,MG08,5,2215.0
2024-04-12,18,78,MG17,14,2310.0
2022-07-20,17,223,MG18,9,675.0
2024-05-08,68,929,MG09,11,1122.0
2023-06-08,78,376,MG10,5,2240.0
2024-02-21,53,652,MG15,2,928.0
2022-03-02,80,520,MG16,7,70.0
2022-09-18,40,982,MG19,19,6080.0
2022-05-21,2,12,MG17,2,236.0
2023-09-28,80,284,MG19,17,170.0
2022-02-01,16,459,MG07,13,5174.0
2022-12-02,85,811,MG01,19,2489.0
2023-07-07,28,620,MG07,17,3825.0
2022-07-09,10,341,MG11,16,3488.0
2024-01-21,40,191,MG14,7,2240.0
2022-08-24,14,504,MG10,5,375.0
2022-04-10,28,526,MG13,3,675.0
2022-01-03,70,431,MG09,20,8580.0
2023-05-29,45,853,MG18,8,1536.0
2023-05-26,44,164,MG16,12,5316.0
2023-08-02,92,184,MG17,12,4176.0
2023-06-03,3,240,MG05,20,8900.0
2022-10-24,12,772,MG04,16,5296.0
2022-01-30,25,14,MG09,5,520.0
2024-02-11,88,785,MG06,9,2709.0
2024-02-15,94,445,MG20,15,3960.0
2022-06-30,75,45,MG07,9,3618.0
2023-12-31,2,972,MG11,7,826.0
2024-01-02,42,931,MG07,5,420.0
2024-02-11,67,645,MG04,12,3468.0
2022-04-18,15,891,MG05,15,3645.0
2023-05-12,86,768,MG16,12,5412.0
2023-03-05,18,550,MG17,10,1650.0
2023-08-17,73,243,MG07,17,8500.0
2022-05-08,24,770,MG01,9,3411.0
2022-01-14,49,162,MG19,10,1050.0
2022-02-10,12,168,MG20,11,3641.0
2024-01-22,40,903,MG20,2,640.0
2022-06-02,27,986,MG03,20,9940.0
2024-01-21,100,367,MG13,10,3860.0
2022-04-10,5,142,MG17,19,3420.0
2024-05-02,78,139,MG07,20,8960.0
2022-01-02,54,325,MG01,20,5660.0
2022-07-23,34,282,MG20,2,984.0
2024-02-24,89,266,MG16,10,1580.0
2022-12-07,35,170,MG08,15,3690.0
2022-03-11,83,517,MG07,2,548.0
2024-03-14,9,411,MG08,10,4710.0
2023-10-06,29,611,MG08,3,1338.0
2022-12-24,8,170,MG02,18,4608.0
2023-06-03,100,151,MG07,4,1544.0
2022-04-12,7,690,MG08,9,1989.0
2023-04-30,98,752,MG18,19,3477.0
2022-12-11,26,236,MG12,16,7520.0
2022-05-14,80,876,MG17,11,110.0
2022-08-05,62,373,MG02,9,1683.0
2022-10-31,45,624,MG04,2,384.0
2022-01-27,49,437,MG18,15,1575.0
2022-08-24,83,705,MG08,13,3562.0
2023-11-03,21,459,MG05,8,1712.0
2023-03-29,63,762,MG13,15,4380.0
2024-05-29,14,224,MG20,19,1425.0
2023-06-02,93,939,MG10,5,2025.0
2023-10-17,68,427,MG17,6,612.0
2022-12-21,29,905,MG02,8,3568.0
2023-05-09,23,494,MG02,11,1595.0
2024-03-23,28,758,MG17,14,3150.0
2022-10-01,64,139,MG04,1,55.0
2022-07-07,14,984,MG02,11,825.0
2022-12-18,62,377,MG09,2,374.0
2024-05-04,97,401,MG17,16,224.0
2023-10-22,3,530,MG07,5,2225.0
2024-03-02,77,392,MG09,1,434.0
2024-01-04,25,716,MG09,20,2080.0
2022-04-27,17,385,MG02,20,1500.0
2022-02-23,88,562,MG12,7,2107.0
2024-06-07,46,583,MG09,13,5213.0
2023-09-18,29,335,MG02,17,7582.0
2022-04-22,7,932,MG13,17,3757.0
2022-04-21,58,322,MG17,20,3140.0
2022-09-20,49,494,MG20,20,2100.0
2024-03-25,81,627,MG17,7,3143.0
2022-05-10,71,698,MG16,3,879.0
2022-09-23,49,273,MG16,10,1050.0
2022-05-07,35,122,MG12,6,1476.0
2023-06-29,96,432,MG10,17,5899.0
2022-09-09,97,852,MG18,4,56.0
2022-04-09,57,366,MG02,15,1320.0
2022-04-29,67,277,MG04,7,2023.0
2024-03-12,97,492,MG10,11,154.0
2022-08-12,65,775,MG18,20,3340.0
2023-11-25,9,964,MG08,4,1884.0
2022-12-31,55,241,MG07,4,572.0
2024-01-19,99,885,MG05,3,783.0
2023-09-10,37,551,MG17,14,2744.0
2022-04-24,19,668,MG11,20,5920.0
2023-11-24,86,469,MG16,4,1804.0
2022-06-05,91,687,MG05,1,330.0
2023-06-02,72,307,MG20,12,3684.0
2022-05-10,28,125,MG16,4,900.0
2022-05-01,12,250,MG04,4,1324.0
2023-07-06,8,689,MG02,18,4608.0
2022-12-29,88,901,MG09,15,4515.0
2023-04-27,34,468,MG11,7,3444.0
2022-06-30,34,786,MG17,9,4428.0
2023-07-31,45,908,MG15,16,3072.0
2022-05-08,53,12,MG17,2,928.0
2024-01-09,56,717,MG04,11,5434.0
2023-11-21,47,73,MG19,13,4134.0
2022-09-20,58,486,MG10,11,1727.0
2022-10-23,76,428,MG08,14,5488.0
2024-06-16,96,15,MG16,14,4858.0
2022-12-14,77,449,MG16,4,1736.0
2022-06-29,70,129,MG03,1,429.0
2023-09-10,23,992,MG16,11,1595.0
2022-06-04,48,943,MG15,9,828.0
2024-01-29,66,715,MG05,8,1592.0
2024-03-01,19,482,MG14,15,4440.0
2023-10-29,39,817,MG14,15,5475.0
2023-03-08,99,537,MG18,6,1566.0
2023-04-23,63,48,MG06,4,1168.0
2024-01-01,8,614,MG20,19,4864.0
2023-11-10,79,849,MG11,11,913.0
2022-04-19,63,823,MG12,10,2920.0
2024-03-03,15,33,MG07,8,1944.0
2022-05-25,100,497,MG15,16,6176.0
2022-09-20,32,182,MG19,10,4920.0
2023-07-08,53,42,MG20,7,3248.0
2023-02-28,31,615,MG05,18,6858.0
2024-01-05,36,955,MG07,12,744.0
2024-05-03,6,923,MG09,13,429.0
2022-12-09,84,66,MG12,8,3416.0
2023-09-16,91,299,MG12,6,1980.0
2022-02-06,30,741,MG19,14,1414.0
2023-07-19,38,138,MG01,13,676.0
2022-08-13,82,166,MG06,3,84.0
2023-02-19,73,527,MG18,8,4000.0
2022-06-09,53,615,MG12,9,4176.0
2023-11-26,77,541,MG11,12,5208.0
2022-01-19,32,63,MG05,2,984.0
2023-12-17,58,542,MG13,14,2198.0
2022-01-10,23,304,MG17,14,2030.0
2022-02-22,54,307,MG17,1,283.0
2024-05-17,33,567,MG19,16,2736.0
2022-05-14,7,850,MG19,15,3315.0
2024-01-10,54,498,MG10,13,3679.0
2024-03-24,22,43,MG09,16,2592.0
2022-07-17,67,196,MG10,9,2601.0
2022-11-08,62,332,MG02,15,2805.0
2024-02-15,44,580,MG02,16,7088.0
2022-12-24,61,130,MG06,2,760.0
2023-12-16,37,473,MG11,18,3528.0
2023-08-13,25,890,MG11,2,208.0
2023-11-13,14,784,MG16,16,1200.0
2023-11-27,78,678,MG10,10,4480.0
2024-01-16,89,171,MG11,8,1264.0
2023-12-02,47,128,MG13,11,3498.0
2023-03-02,93,914,MG18,1,405.0
2024-03-02,32,965,MG11,5,2460.0
2023-04-17,33,42,MG05,20,3420.0
2022-04-16,57,742,MG05,4,352.0
2022-11-05,70,327,MG10,17,7293.0
2024-03-20,33,909,MG11,11,1881.0
2024-05-25,66,974,MG18,12,2388.0
2023-09-10,16,873,MG06,1,398.0
2022-12-23,10,293,MG01,2,436.0
2023-01-11,38,236,MG10,11,572.0
2023-05-25,90,440,MG18,20,7900.0
2022-07-12,72,280,MG20,15,4605.0
2023-09-19,54,929,MG03,18,5094.0
2023-12-18,34,234,MG13,1,492.0
2023-03-17,37,53,MG07,19,3724.0
2023-06-24,24,244,MG07,19,7201.0
2023-10-09,61,600,MG05,11,4180.0
2022-03-16,50,260,MG06,2,652.0
2022-02-26,29,515,MG18,3,1338.0
2022-06-27,16,230,MG15,2,796.0
2024-05-03,44,475,MG09,10,4430.0
2023-03-06,52,61,MG20,17,6392.0
2023-12-07,63,976,MG14,5,1460.0
2022-10-07,18,308,MG12,16,2640.0
2023-07-29,56,546,MG18,12,5928.0
2023-04-12,38,916,MG14,5,260.0
2022-04-28,43,632,MG05,4,1924.0
2023-05-19,13,393,MG18,3,264.0
2024-04-25,36,108,MG20,14,868.0
2022-04-20,60,689,MG18,13,1222.0
2023-05-04,3,586,MG10,6,2670.0
2023-05-11,38,841,MG14,7,364.0
2022-04-14,50,860,MG19,13,4238.0
2022-09-13,59,28,MG04,18,5490.0
2023-12-14,75,620,MG06,9,3618.0
2022-12-28,99,215,MG10,14,3654.0
2023-12-03,82,60,MG13,7,196.0
2023-12-07,2,641,MG07,12,1416.0
2022-02-05,7,257,MG19,13,2873.0
2023-12-19,95,842,MG12,10,520.0
2023-03-19,92,421,MG19,8,2784.0
2022-04-16,74,561,MG16,2,332.0
2022-12-15,52,964,MG05,10,3760.0
2023-02-08,98,929,MG11,8,1464.0
2023-11-06,42,349,MG19,11,924.0
2024-03-12,1,191,MG17,20,4260.0
2024-04-06,68,880,MG02,7,714.0
2022-12-14,3,438,MG08,17,7565.0
2023-03-25,41,816,MG01,20,3860.0
2022-02-22,6,344,MG02,17,561.0
2022-01-21,74,770,MG07,17,2822.0
2023-03-04,19,865,MG19,16,4736.0
2023-09-16,79,247,MG08,11,913.0
2022-01-28,21,350,MG15,9,1926.0
2022-02-12,85,431,MG13,7,917.0
2022-02-02,43,202,MG05,5,2405.0
2023-06-04,69,170,MG03,13,5629.0
2024-06-16,88,816,MG18,7,2107.0
2024-05-23,86,5,MG04,8,3608.0
2022-01-13,22,865,MG07,6,972.0
2023-10-14,11,349,MG17,6,2850.0
2023-03-05,40,604,MG03,19,6080.0
2023-11-21,41,742,MG11,1,193.0
2022-08-08,82,486,MG04,5,140.0
2024-03-08,49,189,MG01,14,1470.0
2023-11-23,11,788,MG11,8,3800.0
2022-12-17,28,42,MG16,11,2475.0
2022-08-07,20,627,MG11,6,390.0
2024-01-18,89,965,MG16,10,1580.0
2022-12-13,24,826,MG08,9,3411.0
2024-01-05,62,755,MG04,10,1870.0
2022-08-23,41,322,MG20,13,2509.0
2022-11-07,76,997,MG13,8,3136.0
2022-03-22,16,337,MG16,7,2786.0
2024-02-28,92,787,MG03,2,696.0
2022-07-04,35,127,MG14,17,4182.0
2022-11-03,35,769,MG15,7,1722.0
2023-08-26,58,822,MG17,18,2826.0
2022-04-21,68,51,MG07,9,918.0
2023-05-20,13,953,MG13,2,176.0
2024-02-19,72,405,MG02,15,4605.0
2023-05-28,56,912,MG04,10,4940.0
2023-10-22,76,595,MG04,13,5096.0
2022-01-17,1,67,MG13,8,1704.0
2024-02-16,30,317,MG08,20,2020.0
2023-06-05,67,896,MG05,8,2312.0
2022-10-19,6,278,MG17,19,627.0
2023-06-11,26,772,MG16,15,7050.0
2024-05-25,12,249,MG19,13,4303.0
2024-01-10,94,723,MG09,14,3696.0
2023-08-11,91,89,MG12,18,5940.0
2022-03-19,88,267,MG09,20,6020.0
2023-08-29,94,1,MG06,3,792.0
2022-12-25,86,618,MG16,7,3157.0
2023-04-12,3,207,MG13,1,445.0
2022-10-07,54,70,MG03,18,5094.0
2023-11-25,18,646,MG04,6,990.0
2022-12-14,61,330,MG18,6,2280.0
2023-11-08,79,44,MG18,15,1245.0
2022-07-26,54,856,MG14,6,1698.0
2024-06-18,24,914,MG17,4,1516.0
2022-01-27,21,139,MG11,19,4066.0
2024-04-20,15,64,MG17,20,4860.0
2023-01-26,27,350,MG05,6,2982.0
2022-02-13,9,228,MG10,1,471.0
2023-01-24,34,41,MG02,7,3444.0
2023-08-14,40,917,MG16,7,2240.0
2023-07-27,4,223,MG20,5,650.0
2022-03-18,39,450,MG07,15,5475.0
2022-12-29,6,276,MG02,10,330.0
2022-09-23,73,537,MG01,12,6000.0
2022-09-28,72,819,MG20,14,4298.0
2023-09-28,53,661,MG02,2,928.0
2024-04-20,81,337,MG02,9,4041.0
2023-01-18,8,832,MG08,8,2048.0
2024-06-16,39,173,MG20,19,6935.0
2024-04-07,28,587,MG06,1,225.0
2023-06-24,40,477,MG07,3,960.0
2022-10-02,3,790,MG01,1,445.0
2023-08-25,56,185,MG17,16,7904.0
2024-06-06,72,683,MG05,10,3070.0
2023-08-16,75,775,MG15,12,4824.0
2022-01-23,88,155,MG15,15,4515.0
2022-12-22,55,685,MG02,13,1859.0
2022-09-21,91,908,MG12,13,4290.0
2022-03-07,16,790,MG11,17,6766.0
2022-09-04,76,111,MG12,11,4312.0
2022-01-23,32,792,MG06,7,3444.0
2024-03-17,72,753,MG06,1,307.0
2024-01-21,65,711,MG16,3,501.0
2022-06-25,31,293,MG20,17,6477.0
2022-01-23,13,891,MG15,12,1056.0
2023-09-14,34,662,MG07,14,6888.0
2023-11-12,61,518,MG04,5,1900.0
2023-02-15,69,109,MG06,5,2165.0
2024-06-10,96,866,MG16,1,347.0
